"mmsi","imo"
524294071,9855549
202461993,9699892
453233665,9873670
657029973,9839820
696143116,9727182
444921748,9843754
586848120,9759680
777364022,9829899
365660527,9703320
401896372,9746803
333987821,9859208
661556521,9830800
597937433,9733806
650852853,9313955
738168293,9849796
603358857,9797802
314300062,9355331
338958090,9708679
588706996,9875147
711282911,9613836
748562642,9700471
543707565,9890549
668094241,9757034
623110587,9717412
228812234,9823390
497826368,9769283
613610068,9753791
473676924,9741126
419249246,9744051
520911040,9774599
795620755,9729245
666083904,9817559
385409589,9827463
330601326,9724556
725835603,9766176
552752701,9667162
784453415,9771511
324458103,9671084
521577295,9834296
610750776,9816593
262387240,9782986
529259094,9691412
419586932,9839181
658413518,9773753
331023971,9680085
607792923,9758038
395981369,9700081
731498197,9757216
526598846,9607203
720550484,9821706
463829346,9724570
400511031,9712606
377732863,9849813
618774487,9708629
661299872,9608673
516906379,9779795
398732659,9735103
285757155,9727649
625342046,9666089
249684761,9806615
634630387,9729879
395909475,9416551
796965301,9789805
600134765,9770440
527809286,9737591
784403904,9646742
222949695,9853228
498621352,9855446
462185368,9736066
210829361,9806732
243621827,9345623
303344954,9791975
780665813,9757929
692107785,9748801
422191876,9714666
320957491,9645798
368253264,9747132
673770328,9298686
397476648,9769271
620885486,9707625
302092290,9671101
507116305,9815604
280698609,9699359
791377100,9686699
432464004,9708916
251834447,9765706
229960441,9760782
432211647,9741736
313661917,9718894
350188031,9794850
387744675,9664809
728363147,9883132
506351865,9770933
577926846,9832925
351944633,9758583
429839709,9738337
343775142,9832444
699951981,9870886
696853238,9851854
566692602,9843297
418040994,9833591
487821418,9789647
493019706,9862944
705219343,9787924
636378080,9732278
787496886,9731389
362361700,9682992
782828507,9645401
308693671,9835862
369012665,9697844
263299578,9681699
363672742,9749350
487283479,9669407
539536677,9841615
488210576,9739836
385255737,9645425
498654725,9758143
639537573,9810915
571407577,9871012
585782267,9861213
519433369,9761889
253327909,9720457
506426419,9863314
225073299,9828900
568536219,9743502
323482629,9829461
243085851,9294381
351121992,9767235
636806266,9493999
750078847,9731949
302480691,9694567
436937662,9838060
211657433,9810331
589724003,9800398
400141229,9792450
203045893,9788332
293195091,9808663
753664325,9825001
629073825,9853620
326167793,9749489
576996823,9871529
774478853,9847011
485089459,9820427
734026575,9703306
785906156,9712292
531705806,9728239
413680218,9593660
281546557,9851725
576821986,9757840
749627250,9865104
784918757,9811012
560527681,9791145
220501480,9770749
458201177,9726073
480254037,9700146
640703199,9834844
520475654,9742998
267497557,9708148
440719114,9706073
742926137,9801263
646733309,9802164
753670700,9711468
708708683,9719240
798145301,9441207
202727790,9811921
434485175,9761516
454459551,9850692
535037144,9402471
521579503,9667150
371903643,9605645
233250678,9849057
279934861,9416991
342844455,9696709
740448047,9843211
520226614,9721061
476855267,9718404
707787894,9777369
504604661,9746267
473919997,9741372
327490158,9708849
390062628,9713210
791178906,9733363
695292161,9821859
573836485,9828869
533321649,9435313
315568151,9452323
778766748,9791315
753844673,9708461
520677678,9851347
678580774,9755464
773368784,9724049
389617063,9698329
787539550,9797993
779011068,9692727
670366074,9755933
488257805,9690614
763474939,9722302
306745907,9753296
607037044,9834155
711612166,9739563
468138795,9743227
794639169,9442108
628260203,9704984
625946521,9702508
508173429,9696682
748514475,9708069
317518599,9581667
686132700,9356139
567037560,9712498
568445433,9708837
707480132,9720471
705840295,9832470
551411347,9656046
798657319,9727041
422026942,9718777
773454441,9601314
286667796,9845685
316499095,9783538
628236981,9728942
406540211,9772034
749599744,9765861
204995368,9857236
376060205,9684665
694025877,9735206
408828909,9646663
714603835,9348077
538135020,9712864
513469437,9706437
755581486,9719757
568595483,9709788
631971072,9865116
616459996,9759800
455710441,9452608
603032825,9851505
428480434,9707819
463068010,9832676
548558975,9722699
423785760,9700031
718218474,9903841
567120184,9725380
284452920,9863326
348233481,9687485
288556915,9839105
312953085,9800568
756884968,9750220
663346885,9802504
420872107,9692258
786969858,9733272
606988898,9732785
358602701,9700380
643926945,9596040
498927040,9807308
319081037,9828780
518866811,9820544
356811731,9715191
751939379,9708150
303713492,9579561
752146446,9724051
710736584,9809368
227365607,9785158
645473006,9737618
716701156,9669380
201600997,9754903
790406144,9735062
385988864,9749685
591972550,9702089
283234091,9289192
505421954,9869590
426523469,9777618
349590166,9903827
466337688,9792864
308613596,9811907
725434053,9720524
687327493,9787936
312668335,9721865
797214040,9710543
653980387,9795634
793976060,9718454
571539224,9674397
615340206,9877614
555243968,9838084
324318767,9717266
484594083,9667174
365799844,9155365
293769955,9688350
511993093,9860489
634963411,9854478
509580830,9818058
604692089,9773947
347082323,9726750
618689468,9801079
396477234,9832274
351994969,9815616
358471765,9756107
652458591,9721750
592216999,9711743
280494010,9843405
380636740,9714513
540818757,9801299
615713037,9724738
645417277,9193317
414579791,9733349
768772857,9829758
306913709,9796743
457067455,9686986
796480715,9721657
797324066,9738105
324918791,9816842
656180732,9853888
656138948,9793375
217469180,9222118
350147962,9831517
574678190,9735218
645775094,9579511
667688159,9498365
700879505,9461922
369347310,9745237
590214331,9710438
239420036,9494008
608737646,9762326
768686739,9728083
716653393,9164237
357317362,9853400
324881980,9863792
695186120,9706475
400079900,9834870
359117968,9829796
212591620,9690810
497945867,9685437
795269795,9772333
339366985,9760495
690235023,9737058
441257156,9769829
696780883,9829473
688482508,9730361
669908509,9720512
527004615,9867798
558154639,9731585
340166033,9752395
261060532,9808845
603410700,9795610
232400794,9738117
367715084,9725122
661607990,9831490
452250744,9845788
293068308,9707651
599578637,9841299
329200771,9790658
593865131,9682461
501082637,9453858
266267163,9829100
578357884,9781982
679478913,9738674
485740171,9774331
305120967,9705067
705900399,9592264
402727813,9798947
738147823,9776420
550264778,9632131
509281872,9332987
793669888,9613862
362305370,9453872
337391445,9828986
796803608,9858450
421570346,9813993
473353574,9852937
632964725,9817585
219892872,9819868
766419405,9767338
446016730,9682344
588701284,9829485
380802572,9783502
479487910,9760500
609415137,9776743
663074143,9767560
333909644,9820855
612386364,9632167
613296117,9776755
591862288,9299628
368857255,9731951
424676231,9758129
731651460,9758571
275738396,9747106
724336020,9700196
786738526,9705732
785841855,9683049
347004143,9600944
293264467,9741877
418775700,9007128
288774463,9827322
490945000,9779379
502303305,9834337
484243371,9718741
763997579,9797187
639927382,9743590
403962230,9705328
789822455,9717424
349528902,9422641
622149209,9755658
530853574,9732307
362169355,9765847
641883137,9874650
386210721,9832597
582297303,9762338
506972652,9852030
636685770,9680114
364551412,9706463
797746918,9697210
559496670,9681687
707079294,9791901
761924527,9782340
284863977,9782704
346144945,9693068
669689486,9613848
316337457,9793246
731014159,9753674
200076273,9720495
786164027,9667564
621775498,9788552
555538874,9736810
473066517,9721401
654444106,9794068
559056757,9422639
330050003,9786243
766548152,9845013
649311711,9852133
707707792,9851933
734252251,9846287
519493095,9448047
633411914,9848479
328056937,9828998
618744710,9697636
318386816,9190781
542829415,9856270
449881910,9847889
648709519,9313967
731710988,9752797
662333275,9333008
337862317,9754965
541198979,9748784
356815456,9721932
479681045,9364526
382158446,9721877
350285162,9754410
799282516,9356165
405106115,9741437
660317836,9791925
580588816,9755646
645559255,9805245
331745803,9720196
378152548,9832547
204167726,9782364
572327378,9645437
717376081,9725445
680511021,9691735
637523929,9464039
372194982,9770737
314003163,9786839
225578244,9701023
410969158,9836048
559718284,9861380
497284503,9755684
421392508,9683051
717543973,9711561
373678290,9800269
564075238,9778791
470459944,9840867
333601298,9805647
613061441,9749362
254021214,9659799
574678939,9749336
597746511,9747053
592760929,9903865
545153229,9694373
308705451,9736949
378472308,9780471
772537711,9818541
502131750,9790672
492453180,9738208
439251032,9711547
700748897,9579494
797617794,9873125
403211763,9838486
233287729,9698434
203135075,9645762
568097855,9855812
484586919,9830795
774320676,9736418
659072082,9727637
442699896,9715452
415452280,9699842
675607953,9715842
530162932,9860233
676663033,9771523
752870646,9833656
345256507,9756626
611118854,9646699
450593836,9770921
232406429,9864332
487908039,9802487
296080660,9702144
444158532,9799630
405152214,9748007
761257548,9814179
436938660,9756731
656918215,9726413
257484736,9875018
458614891,9741724
465254876,9817614
360216943,9629938
624392086,9501368
310611189,9838228
594470227,9839818
205770470,9683738
202906761,9781621
484245203,9787182
675735143,9707742
228631556,9784324
512326136,9729283
651745322,9726580
500780127,9773739
467429188,9577111
570964387,9863340
497052337,9737888
753617135,9710737
393581213,9834349
275403385,9762364
571967631,9332975
503195326,9820996
463661307,9720500
209164797,9561485
292015716,9773040
412518563,9842528
472316322,9724037
787901082,9670602
341913502,9606120
509082573,9806043
394382333,9594298
527186362,9859026
632344856,9784647
484487693,9839480
402530871,9746190
728621895,9449819
697799878,9410741
372949969,9855563
527931464,9849825
375328913,9792888
649663104,9782118
662126536,9833670
353084654,9738090
530390351,9765603
659565722,9804461
594812709,9800635
387495781,9715220
590455149,9725524
455275011,9486582
284363827,9845984
749710729,9777802
529511836,9738026
547518086,9750036
204165268,9734109
475681757,9732539
637066225,9727871
575077281,9694397
636682566,9789245
478427404,9670767
374684406,9834301
305288513,9802243
355607863,9302889
541969886,9649548
493345919,9788435
472781096,9401221
354597735,9742211
398012219,9736808
205899687,9770505
662156544,9732955
256159195,9789910
258890116,9708796
774592553,9718337
403231166,9755191
290138789,9737589
211931317,9686649
796172555,9798832
264035821,9820910
233106868,9860207
414816733,9839478
656276278,9693070
241075635,9838498
214338559,9803235
283202764,9819870
416645087,9767716
331755833,9750309
752140448,9697909
335342837,9525352
519874242,9190731
216545740,9393448
784101763,9744087
727504706,9770634
303432947,9730232
622693620,9793997
618523489,9674725
648765606,9798959
468659858,9720926
264280577,9722584
374584598,9701231
590158685,9852951
528646896,9741396
653990745,9766205
314566631,9824289
248577353,9777943
790284139,9681156
544559811,9727663
283392346,9590723
453605249,9837315
298756168,9691046
729370627,9785823
553811468,9724714
471639688,9889198
749405504,9753686
561120361,9722936
599159209,9704623
731392504,9710505
505495983,9859533
687955204,9802152
797868391,9465394
400789519,9682978
374632681,9867621
266741276,9445227
537943464,9619995
577551877,9791195
757118722,9767041
489145087,9751224
765599338,9714707
330956315,9817523
608443493,9827358
276496770,9763875
411514326,9856359
531021133,9629940
664649395,9732230
529403818,9215878
636230175,9852731
302913022,9836440
581955152,9070632
735015164,9847231
748764655,9452593
668815658,9721671
580127121,9801160
659512637,9851957
752019206,9696565
530950794,9849394
261632051,9712591
326232516,9897705
660192296,9748291
486984484,9799874
495789213,9658886
289235309,9798363
389828708,9848948
418087045,9748813
683245464,9766657
761979620,9790854
446304413,9732541
322870242,9851517
263322318,9804904
615089339,9697430
701120956,9770531
426182705,9835771
542167817,9748033
247890150,9690793
595561473,9766358
520115916,9858462
585833741,9766578
768481574,9697442
346187804,9290464
578720232,9792840
283388826,9857858
457704109,9757993
439406076,9704465
593853759,9697820
608790128,9718909
210964786,9757981
667596822,9619531
360861463,9739317
496911178,9747986
559589173,9792448
524918226,9854739
258800865,9709219
260374355,9683403
421389709,9843572
516610869,9797254
465992570,9797682
545030641,9525302
683812138,9685475
301893054,9711767
729834523,9730414
250905606,9664770
687273152,9683386
627515164,9849887
668246731,9738818
331786699,9864356
291682049,9845776
347406978,9750050
680451024,9719587
384881425,9304241
437598791,9835719
558666923,9653446
623566119,9666455
311681866,9452610
585204900,9662021
486124286,9772113
202633823,9839131
716948910,9783631
469190222,9788095
674958861,9728124
472944347,9868364
278758871,9697856
639202627,9443401
380699920,9803613
553788383,9838072
463125942,9748083
228409542,9694684
763894354,9692131
641775186,9857212
618395776,9704520
535415954,9846263
763727704,9801172
544361804,9786750
638763565,9683350
430390734,9333022
686038828,9818280
560166330,9671826
482367445,9857365
587065951,9492440
549875222,9193290
480722542,9747338
282380102,9769817
531677181,9664782
449689153,9614103
671597628,9781889
391913717,9729221
588568181,9851945
282395814,9704996
644965608,9658355
479370324,9817535
414258261,9785225
651615448,9853711
770242132,9888807
316367524,9860685
636567715,9680724
545492630,9670755
556672361,9579547
213121674,9670731
551674246,9772357
711279337,9800180
689954432,9835848
515835157,9767546
393796458,9789893
310044460,9724594
778875991,9743186
465622579,9770751
372195938,9739329
500335657,9871799
636999859,9403073
692939194,9722027
759125974,9670597
298054037,9778088
363884929,9738454
603792353,9683001
672202820,9866641
755775969,9773143
219038758,9719915
488778317,9778533
306941222,9807085
323898342,9739264
760264701,9721073
480937452,9648104
294289074,9694426
390360233,9806627
482851587,9740421
645169829,9724453
397431566,9724013
604847814,9811919
302174265,9780988
426258556,9877339
540533233,9839791
702562572,9838058
599024615,9771913
483363317,9780653
335291851,9725304
248044570,9721138
229922556,9858486
303424527,9774329
643926239,9686869
507419554,9750244
438824888,9840661
608981125,9829760
321948243,9766530
593779949,9106297
580655936,9827578
495935349,9675066
386257966,9849617
322186162,9707015
665794198,9786176
691349152,9779757
339624439,9757022
485586721,9745926
605130155,9849291
617041446,9820934
245209416,9656022
799018741,9828974
440165973,9712486
612247329,9312808
221198991,9777931
724561771,9719862
374348279,9702223
280130093,9694361
416266638,9800506
620231768,9873096
697439635,9839868
616216113,9875109
609443085,9863302
213237817,9849435
526037575,9597769
704610888,9788772
689673267,9690626
715671074,9778806
345928025,9868314
607524199,9819844
353826070,9834856
720140077,9695834
229924624,9688386
301146634,9856634
716311364,9782003
711262945,9671058
753894223,9776171
674857634,9595369
782167125,9840879
366052352,9766164
586350337,9704532
326001588,9691424
388586244,9675391
733535764,9850707
505298092,9800441
360737397,9714642
758412579,9721633
716817926,9784271
619212551,9691723
522368630,9853278
347952957,9795103
446153254,9737747
475829918,9866770
730758460,9619957
318737380,9823364
202461750,9788605
781255622,9839911
523936147,9742962
375610999,9833735
554060572,9755945
324859509,9724180
532788498,9835965
725652388,9810044
607190287,9718698
372992168,9806782
281723740,9313905
523241111,9781994
576041275,9864344
323234048,9663128
476180394,9757826
601469231,9734733
718422090,9744984
621085036,9749570
717355323,9658874
325360120,9740471
557824316,9702493
300359871,9789635
749122731,9853216
618067261,9849992
696180710,9799032
453419761,9801093
537366126,9470404
628477912,9785756
757914703,9709221
212033892,9737371
799734848,9730945
708472440,9720952
511705105,9659660
794805606,9718442
242119840,9632090
313613269,9859789
401347878,9836878
359871227,9736195
420604560,9708083
394663864,9673525
208476139,9704972
395921481,9521825
443562031,9283198
747132038,9848089
721086513,9799795
749808111,9779941
241395299,9743760
783212287,9744996
687247506,9760055
737268824,9579559
578831217,9749568
732672920,9725823
332714846,9699634
654743325,9479204
225209250,9294379
225126252,9705768
363041237,9728930
767725975,9727467
550907124,9654775
790625196,9786138
566332517,9754953
425348320,9765859
444043911,9780873
532188853,9815276
333837394,9728071
622368470,9854753
398581084,9781009
550749664,9767728
721404642,9703655
482720420,9723289
642101792,9461702
387007276,9748265
680229540,9579535
598063812,9802205
276762987,9594834
689332669,9773832
513568173,9860142
371734415,9649861
253473053,9857822
574901941,9825477
227808853,9670743
759974810,9843780
508134081,9753284
223321059,9674361
638117712,9619971
474649891,9712175
329839224,9708033
303054719,9778545
208120287,9702417
600357956,9302449
475152501,9787194
461108645,9444728
504430244,9798856
657031577,9737462
375591546,9867152
424748651,9754915
318222960,9766554
666948832,9762857
271017109,9453884
514246878,9846108
515719788,9733703
409475093,9881378
481781811,9726437
239842120,9711573
306963685,9687148
660789007,9673824
247841766,9865532
208157919,9635858
464859750,9820922
283502777,9789714
705820200,9732929
766068925,9683087
795312431,9693769
256316165,9817511
224955483,9658367
502338754,9796949
506093386,9674373
542963737,9794434
740763922,9732199
717332042,9874997
370042350,9820908
694371882,9763693
266832917,9727077
770107761,9818709
262346521,9731987
622044524,9714769
260676971,9688348
402646695,9696826
385751282,9380506
362769430,9726023
380598578,9866172
536637413,9747041
658099276,9711705
571278906,9676515
505902145,9702431
463869302,9839832
264986036,9838254
232011184,9722429
335750740,9722625
495951200,9846110
478825046,9719719
409118229,9622253
776399563,9856189
580465201,9656034
212868012,9818527
786485647,9752034
777901997,9526978
228663201,9399741
773047144,9694921
393541303,9610810
270720093,9780548
467949378,9860659
273305901,9450416
238420211,9693018
310169949,9857248
395298784,9766889
225794258,9784300
369557066,9699866
502420683,9717515
574108594,9682265
616728659,9837004
364557243,9746700
651839653,9726451
713564930,9711509
322810262,9232577
346902647,9749972
232526947,9859117
483382835,9313101
448350801,9776224
557512611,9717785
519697077,9749300
350376181,9344435
556324131,9724532
421104484,9686728
499943118,9644524
490993311,9762340
495461917,9596258
795914824,9855458
510591816,9786774
219024832,9862619
661516308,9728435
315180709,9800427
343575783,9778818
546954737,9232565
736406719,9748045
600035239,9728863
601129185,9780639
413290371,9772943
260098605,9527025
399429903,9501332
511749468,9722314
753549580,9718753
512919593,9757876
562886364,9703318
583918892,9430363
273186159,9757864
537232158,9830070
717259235,9781865
408063049,9719238
248944312,9786205
775784444,9729128
749162579,9525455
576227884,9779812
383025839,9725938
776853486,9705304
395400337,9285328
226703266,9724568
228977708,9689689
631622241,9671060
290598961,9649885
404809106,9836373
385597820,9730842
409243768,9699440
621490587,9839923
588958766,9312250
572678458,9784312
788821064,9749556
401350652,9725512
613111762,9220897
679771492,9296303
302576969,9829784
577985261,9852119
515882799,9723655
710059730,9744764
622501944,9860544
768373951,9721994
716250451,9877585
448828679,9704611
321775391,9780885
429415455,9797981
694105081,9725500
308459109,9525338
574238864,9669938
257733645,9410753
468570780,9705299
273420698,9699189
451762949,9875094
360184299,9778076
609178179,9707390
729161840,9669653
784773999,9712204
730292183,9610781
267581515,9718088
784675719,9729271
223405600,9687942
745894182,9686637
472406350,9706891
710410995,9692143
411856632,9701798
784392746,9695169
397692775,9835898
404339032,9785407
508450546,9782675
782598097,9801316
656008762,9743203
427970263,9733351
676752943,9702041
511490256,9635846
495066606,9740586
560162467,9712319
534448086,9846079
250508845,9452622
264689485,9483516
356936296,9697832
265401617,9725469
211370466,9854466
608776363,9833589
237593514,9805661
487861888,9795062
528713642,9707649
353374335,9823041
399837375,9828778
704100315,9791274
669857275,9727546
455671478,9764087
267250346,9722704
506230478,9868338
675806183,9726322
373364685,9806055
716838978,9725897
674880870,9722003
449540062,9681845
764192314,9619945
452579734,9367695
464921599,9717113
417834809,9884605
203285532,9730373
342507715,9806079
530544568,9782027
201197509,9757890
299659010,9736169
348035413,9670779
735094781,9769128
473918544,9747156
590566388,9870161
569612919,9726607
604786096,9783514
431846345,9855551
396071765,9846093
539870449,9826897
595864037,9787912
591562339,9772125
661645443,9735232
583388104,9701011
618409157,9658953
242514394,9749518
648700956,9707273
506443846,9875006
487877452,9703590
530747388,9873644
576165091,9745550
518322015,9765354
792155539,9689615
485186797,9675406
733674259,9788708
246300113,9836361
211355500,9745536
367894050,9622241
753433042,9801976
680794096,9699206
749822099,9632064
743848040,9832262
636678910,9762912
583225479,9733375
400255692,9784051
509047814,9831220
592840087,9759757
700154903,9707807
512649525,9856622
218000946,9816529
583425796,9838668
695364705,9648087
255851323,9863338
561371121,9803285
457719009,9757230
625366616,9702261
731811668,9744013
494838181,9629926
266377090,9713179
316566475,9314210
361602367,9648099
438457612,9748069
447274574,9731212
221347433,9596052
406569070,9841627
408943378,9706736
766342210,9832705
482290999,9658965
794544698,9835769
437756930,9738210
446317212,9706499
419384212,9215907
306796551,9866782
375334116,9740419
465177945,9735220
239580377,9744934
704685875,9743746
527725620,9784611
268870166,9767704
208390025,9776470
408389542,9771339
644469576,9855355
636620526,9728693
613638732,9723291
431263055,9501344
395249404,9526954
632245109,9782156
272887467,9836907
651238445,9724348
519414974,9749829
739268314,9781279
417302209,9779745
251043506,9307645
421150256,9458078
530561140,9810769
369918306,9206786
784127608,9708576
305992344,9657870
556495305,9789946
332319121,9692337
221838052,9289180
207964642,9819650
715872439,9734757
663377911,9709245
334157380,9864215
449832951,9749324
414824641,9840506
311429483,9744958
667608071,9732606
257460397,9590711
437099601,9841885
592224999,9724685
612240229,9729362
574918840,9713076
407784930,9820013
607298567,9839442
224400787,9829722
453892691,9742651
242608666,9780627
249007602,9831854
532938454,9715438
361497341,9712709
693988523,9667344
475895894,9831505
512292791,9745524
486429958,9706580
753289458,9735799
454124085,9721736
740695967,9689677
781240589,9760067
287241656,9880362
795530338,9725627
515184825,9802396
734688097,9853890
412715730,9359052
791116970,9847413
489724292,9749257
734578244,9498377
227555593,9526904
786006748,9746621
273070422,9875020
636568814,9783007
667123906,9795074
709544947,9704829
681316459,9794836
419324509,9790866
471391718,9699995
524610908,9803364
604883914,9658903
474821093,9806770
275789801,9738155
379796781,9774446
365722840,9762900
274707693,9888792
240482858,9705079
647478379,9800300
476637223,9739290
216457417,9498341
672522481,9814014
731469965,9841641
372945255,9708681
685120011,9701243
329104696,9682863
433621297,9874557
282289902,9854727
481982510,9761358
523644017,9732242
289736152,9626156
341764016,9750933
591015631,9773935
729347999,9683984
432196758,9721748
398553444,9849045
475587497,9733258
607286005,9792852
799408545,9694696
306533687,9799862
247765892,9719771
332033123,9734721
255437924,9394894
306025556,9853606
596287005,9845659
443382157,9701554
701204296,9665607
518075904,9829382
306721878,9756274
287532945,9706994
735123427,9629952
660701338,9705081
784586576,9724439
599949717,9735816
449649615,9839454
545820963,9782649
458215701,9724087
548469931,9730438
545345911,9706786
219295498,9712618
673057191,9655511
638552755,9731602
429182418,9785835
486700535,9785380
433226337,9706906
798899586,9702429
704598378,9682253
651160808,9786786
350013022,9872169
565215374,9579523
265548790,9897561
500335945,9849459
521741651,9525467
559432275,9732503
769349073,9681118
602522801,9294393
228671080,9804837
357827716,9773222
321428346,9870666
391191754,9722390
788916459,9867619
398163394,9792541
363873262,9751365
293761333,9835836
233421597,9692818
204253293,9738088
514296181,9287924
688262779,9760225
669011962,9705653
386172989,9897690
271980272,9320245
348725565,9737711
334096969,9742807
366489191,9741865
335501124,9867607
259912148,9759795
376164521,9722649
384895153,9153850
344541440,9864368
276391578,9764075
767353382,9290933
491923681,9758466
596579108,9766566
386787751,9663245
718890947,9804215
296561895,9826433
502526282,9474682
326872816,9690846
535768587,9751341
346972114,9693410
485813892,9852420
692991935,9833577
570545203,9755725
648439252,9461051
212300950,9686857
488641497,9802102
673667084,9735660
317794762,9726190
402422054,9772058
756973263,9782613
766603802,9756236
376870209,9783980
302777059,9736729
718367098,9590319
566686716,9727584
682541251,9773179
670499482,9734719
508138589,9805477
295709323,9742326
639684096,9767314
577288000,9718416
699875585,9711456
301010107,9645396
375936917,9453559
768777014,9798973
354964868,9711523
704802052,9131955
641660642,9829095
666816261,9720017
505412381,9829447
520207127,9721982
411000341,9295268
409816376,9783461
653375327,9749960
307919124,9617959
772305841,9759745
220553989,9264271
528785135,9738129
289348459,9867554
411603528,9800324
722372687,9881380
476524166,9792905
328130219,9857860
630043358,9733698
461848031,9794446
581838449,9768942
527425292,9790464
227983569,9761164
431779588,9761176
732919263,9751327
325011640,9578787
278184515,9767778
410169052,9799642
591659827,9780859
631836081,9763710
714039252,9632480
512031981,9802308
318399808,9838242
282826137,9635834
464306460,9732773
550317141,9387918
434746623,9843338
494575118,9734836
696063423,9719367
299001799,9707687
761600663,9799678
493877897,9854765
445243532,9840972
264456022,9797383
261992716,9007116
483643798,9822853
212135004,9703291
460964710,9271327
524628264,9816830
555870839,9847140
541954999,9802176
355489983,9683362
371203225,9720988
335623570,9870874
472984265,9832561
236020203,9666077
301118571,9742065
314283073,9726578
556244960,9815252
733899504,9833682
300429570,9783473
773447397,9670614
564777756,9768540
716390551,9660358
589955507,9766188
366250431,9315197
421624645,9781700
698898506,9657844
263156639,9838450
202208073,9632143
413636884,9673795
483961615,9342176
270351489,9808314
428560841,9725902
606740242,9726449
249132305,9743588
662923840,9690092
283330622,9787168
253098081,9777711
483583123,9700469
497584558,9772022
343248861,9732826
528733380,9761528
699469213,9631682
444241733,9822229
787676636,9792204
436658415,9726487
422058195,9701566
732523643,9695145
508732536,9601302
599013012,9740342
351331788,9707857
663966650,9829679
202929447,9827475
299841837,9804851
485840104,9187239
736113142,9776767
573334604,9671072
200722367,9845960
528226241,9645413
463657032,9852808
708951469,9758131
664196850,9711420
721831373,9768538
313299385,9673836
736575415,9835070
432622683,9737503
518883721,9693329
784904833,9682241
531994552,9818278
684255586,9747962
432765211,9804825
733444564,9754434
676564194,9839179
621494935,9837872
401000759,9784037
532781225,9766217
666568076,9743825
546653346,9669615
382583710,9775737
554335089,9727493
451761010,9798636
544419371,9865764
334482053,9857224
243024010,9852145
670971268,9811000
327360741,9698305
647570922,9778131
372487916,9805453
274167618,9740445
496821317,9684976
627228837,9356103
635166895,9732345
307884505,9791286
540742026,9775385
702405116,9807293
738784633,9757888
622437735,9784336
487550399,9690822
379363735,9784893
470127605,9718064
543726512,9831191
568646383,9749532
202169553,9838840
709981460,9717761
757193930,9747534
240693145,9696553
719978112,9745653
209366005,9596973
463135503,9713844
241117040,9830135
545023434,9746683
716849150,9805269
390465805,9696694
414109218,9810513
721093869,9797228
601104400,9150030
413735936,9665619
551802121,9737486
740942163,9654555
250971220,9882401
644004504,9745263
463684957,9818955
272124262,9577628
214179234,9131967
203354154,9778301
770763069,9761360
261356902,9739692
470348643,9728198
204210999,9728629
315984885,9792008
287941156,9829069
407124974,9689902
213492736,9708760
692689738,9823625
768470182,9686871
391021087,9409352
647176853,9781085
235901137,9720201
302433141,9721140
572726602,9693757
264468841,9342504
569169102,9757228
456085483,9743758
485808988,9663104
617680337,9831309
541749553,9681170
547802840,9696589
466082834,9795050
505025771,9873266
464930069,9853230
558406915,9721906
745924175,9766906
649297692,9742819
761829188,9723708
316755310,9818943
389025424,9786059
250484324,9732797
350295256,9712967
388743883,9780665
571138229,9750957
540134252,9783655
569908910,9727015
296004589,9683398
383378064,9393462
768104341,9833723
297863059,9796494
488890629,9778090
271052760,9699373
555047013,9788966
318280042,9776456
473342476,9819052
393015526,9707754
681882687,9706889
627887661,9832559
794727155,9441180
653782220,9712890
768917320,9706308
676400388,9692129
220402665,9836567
394361244,9817494
218904375,9804459
444179852,9699854
300551621,9882413
739187795,9831074
792636743,9689706
719376075,9711298
389920773,9700550
220704186,9699177
768344839,9792917
597593410,9739800
667454635,9632208
350673693,9832573
239926319,9860817
719366237,9708057
419257925,9817119
573645915,9719329
630694203,9521813
256802509,9813230
794866583,9720081
324022927,9775373
536052819,9809825
266103028,9731705
445493672,9696838
798218967,9789908
338402199,9792187
224449184,9797735
708354546,9786633
680913157,9736353
244990598,9769295
607963609,9786815
243574644,9777620
744781850,9723203
679036788,9791951
694936357,9784295
203869316,9525314
524406613,9805257
733905472,9706748
696808901,9622203
687028694,9438248
708039493,9828144
499352388,9731913
544340381,9831830
585501652,9747546
499683028,9399208
379337854,9778117
311980781,9687239
347414620,9788978
354743925,9867803
675773640,9683075
594573473,9860221
381795752,9720287
608205323,9662320
760590892,9724001
225418345,9676711
577057559,9812494
423971370,9758387
210853894,9540833
205583113,9835850
713422726,9707869
346130667,9720316
609552952,9735634
220650275,9727522
669788602,9619907
215268851,9872171
489662107,9697600
755791965,9801081
429056837,9348053
622218771,9763708
355074021,9786762
252868788,9748679
283862924,9731717
551392518,9791896
423669993,9175779
684871220,9762883
273484922,9728382
475210522,9719707
349950792,9457309
621230973,9859296
715841207,9757967
256492006,9830812
492896135,9727510
681335483,9731406
236435104,9782091
564407802,9619933
593292625,9837353
709955961,9832248
408584089,9828338
226939726,9783459
789040884,9850020
695201156,9778844
579964114,9701061
223396092,9739680
280639929,9688635
597435228,9751286
416299030,9856268
798672337,9690107
397823222,9784269
383298348,9828857
279616687,9837327
270581699,9761334
696431791,9838541
425991622,9815458
771652417,9710529
259482186,9857468
557522433,9814002
692101570,9696761
409116221,9646730
209236174,9856555
339591272,9444716
461303013,9771028
437438275,9727120
786706698,9749697
551304899,9665621
540132880,9702601
366996350,9809851
225752290,9735115
287837690,9852793
241606562,9725885
596854974,9714745
444231691,9851969
734450231,9706918
305585559,9745548
357304156,9772010
666318097,9883481
421955355,9852664
620319854,9849382
599952367,9878838
224141735,9838670
313383510,9871206
595378140,9669914
431974782,9749374
645936067,9621596
241404015,9314856
616329775,9669665
547908771,9809590
632815600,9845130
239012040,9764491
759806726,9753260
355368060,9710488
401376972,9867059
794071168,9592290
381889554,9789697
532868841,9746243
361685935,9832717
496677139,9729893
382520086,9785237
569310928,9712632
343026605,9831816
768361054,9751016
319044001,9712565
413944818,9763722
242074054,9724441
533233597,9697155
404091391,9717345
286804763,9828156
556085532,9767340
694119776,9665360
268823844,9718806
251194623,9728851
738538743,9702132
786004237,9784776
499429323,9725110
508070747,9708435
786316454,9775828
626326090,9770763
649442466,9735098
613231678,9868340
387192758,9742429
751024527,9861330
220692527,9783679
287123700,9462029
262593364,9343728
667075195,9461910
504864294,9811957
787807330,9775749
770210344,9740794
530260143,9822841
233667903,9788394
266535699,9632129
701500581,9759769
486175271,9779800
635778642,9737101
799159093,9718985
496612830,9714068
639779794,9583720
327404891,9804875
644383680,9594901
242333754,9743928
413250704,9776418
565122029,9713040
553059265,9316555
388686901,9683374
340641604,9727089
658776152,9790622
203535209,9674713
256057522,9741700
571670872,9839430
551162434,9721425
699537650,9190779
637237496,9708942
776756511,9851696
560737241,9872523
773016363,9816531
338002463,9709984
333308073,9670573
267930505,9853242
591296156,9705720
203565826,9874284
298975466,9775775
476848921,9717280
442597957,9697246
259613181,9726475
323812686,9626132
703211966,9402029
586081413,9777606
299280776,9770579
505578511,9742974
733033040,9738349
688172322,9725847
727243081,9498353
744943661,9231286
749596543,9730933
721118129,9708071
776735678,9710220
407851333,9706839
795711128,9763916
708279508,9736183
599005946,9696101
792851623,9851115
544770169,9722730
323350449,9718765
545070764,9773210
729208201,9826445
709790327,9772321
398937058,9724025
589979348,9810757
656843325,9798961
394030488,9698317
633442609,9855862
639829575,9723617
568116231,9774276
668941021,9521875
783737093,9800166
378183912,9794056
618961597,9779965
705914466,9831842
519541805,9758076
499844269,9751315
332712659,9828223
347500626,9697595
764935428,9903839
665367401,9802695
594817385,9727431
627031219,9835941
675463192,9393474
221188967,9852884
517618070,9810355
470574336,9762998
588289761,9726700
466858885,9831488
322345283,9795658
499990544,9742895
646521320,9579509
696787837,9780251
687714790,9747120
315839051,9860740
202319159,9714757
532042851,9810032
643969226,9806354
600981471,9732319
702916653,9688374
379797183,9797199
233137757,9796262
268160315,9594822
238365274,9747558
706668144,9806330
721674845,9702077
665165529,9866653
250888505,9723095
610382386,9450600
312418290,9681144
303422933,9665645
561545882,9774898
655154471,9752199
724667573,9795048
489931644,9728928
206876007,9579585
548195310,9730268
588698123,9838474
437670392,9726425
416745242,9649536
308621521,9837652
490856264,9743291
461784452,9292137
530483710,9819985
545433522,9264283
572938054,9717216
703116504,9666431
216931931,9704477
388186770,9501356
458850724,9875721
424504138,9786841
417328749,9767326
290658232,9694359
260292229,9838199
649372784,9619921
516739356,9528134
695424521,9356127
711356914,9710581
606714628,9835056
506949362,9496264
312034527,9496252
539335178,9607423
204569507,9832729
696627797,9708980
741255754,9348649
231618643,9629964
795418196,9847114
640704320,9827217
440819901,9730830
797892557,9871191
726178597,9782716
434347067,9698862
520537617,9811531
784934132,9220885
409954486,9842504
666404564,9577630
715912158,9726035
509414450,9762871
389912503,9743265
345992467,9800647
530463784,9738143
411415049,9836488
564855349,9660126
457613349,9770567
423079891,9818230
646934564,9737072
276128508,9704635
428972717,9748796
747618349,9444742
515999998,9788564
337401311,9707261
362565405,9719563
293864575,9357860
714156235,9863821
262915765,9841938
741003100,9699517
520370851,9316579
523784974,9737383
772417236,9732357
510864795,9708473
385979893,9724726
444187462,9797266
747402488,9884045
612379440,9826720
336732730,9798375
603495898,9827255
469407850,9778478
723954872,9632155
596597728,9697818
589375445,9708617
264979163,9691163
513971540,9779587
429860614,9777204
588551299,9355343
650007065,9780263
386891644,9832509
323780876,9757254
251465251,9735658
601694182,9558270
565940558,9829411
583888721,9774288
698423364,9724544
513379392,9831165
636939521,9691034
"531471762","9719343"
"376111041","9613020"
"439217976","9251042"
"507253181","9798076"
"280441164","9693745"
"565159247","9741140"
"302245337","9729233"
"222705166","9836464"
"380816959","9164225"
"671460162","9781035"
"461055101","9681895"
"201581365","9778105"
"241780761","9717137"
"546816257","9798648"
"655127373","9748124"
"288271498","9875733"
"526914914","9729881"
"487401215","9714654"
"364338034","9799680"
"779497288","9779989"
"565111444","9706425"
"224443584","9728411"
"707014590","9734745"
"230865712","9737577"
"646648028","9703514"
"236000915","9702194"
"696043390","9833058"
"248240495","9229013"
"544313702","9853632"
"215860493","9806158"
"792696077","9765562"
"274954586","9837640"
"545455459","9801720"
"576950548","9752046"
"442882370","9667186"
"386356701","9725873"
"645910091","9709001"
"713540070","9707704"
"370557477","9853254"
"695807131","9727651"
"721313445","9670585"
"564873893","9760079"
"777323819","9690547"
"762037877","9707845"
"591222131","9809849"
"606374549","9436422"
"371636443","9742986"
"758916356","9722742"
"655929527","9679139"
"573824021","9597501"
"319183115","9756250"
"630440250","9737515"
"503940830","9758090"
"788937050","9708875"
"435999292","9826574"
"266884166","9711779"
"522807583","9803273"
"283032982","9800312"
"416801003","9781920"
"565566348","9777632"
"454804970","9708851"
"231617138","9296119"
"489407373","9801304"
"795544188","9655224"
"618647889","9833199"
"314862486","9445916"
"616777797","9788447"
"391386189","9591674"
"479673417","9812755"
"513923420","9694531"
"287344085","9841653"
"292138508","9728473"
"394397318","9726566"
"761226803","9731224"
"244316953","9704740"
"630159810","9796731"
"576416937","9835795"
"282906151","9852092"
"573212674","9739812"
"443456942","9723514"
"607126285","9718234"
"317569717","9868883"
"661423029","9741516"
"245904783","9767390"
"385621923","9646675"
"645815810","9719575"
"781075111","9787170"
"602056014","9763904"
"795478018","9742314"
"600463874","9737474"
"408764060","9840790"
"207687075","9404716"
"698408485","9711559"
"634679745","9712905"
"589456725","9830123"
"235944540","9826823"
"546221366","9721669"
"248076144","9798351"
"453108597","9695640"
"501611420","9683348"
"259116052","9810056"
"534540952","9831294"
"669171799","9709207"
"276610294","9835783"
"665555097","9853072"
"646845551","9724350"
"722826421","9903853"
"731622487","9602710"
"258174526","9799977"
"250204308","9794719"
"208323506","9726085"
"252296849","9829746"
"317594447","9801988"
"325746367","9708382"
"552890187","9758026"
"256023829","9794422"
"603389790","9454395"
"576611229","9666429"
"726723926","9785603"
"227388565","9855496"
"774459528","9693331"
"310375428","9806665"
"379655121","9524683"
"204995556","9667942"
"700233616","9837286"
"382789089","9761451"
"396253892","9857250"
"225638991","9860594"
"223118961","9791872"
"646763008","9711133"
"698517208","9393450"
"585614727","9773741"
"347837362","9754422"
"328979922","9592305"
"464856652","9729489"
"558668967","9740782"
"685887071","9632117"
"794186791","9693496"
"676931837","9831062"
"536518205","9725835"
"480702628","9707027"
"253599661","9856361"
"774845865","9855422"
"428983224","9798935"
"630100725","9743162"
"310436827","9900514"
"785001149","9722637"
"270847389","9697806"
"765139723","9848077"
"363178632","9724611"
"741428543","9774434"
"764771956","9781073"
"349975776","9799654"
"536712263","9839296"
"727870448","9832652"
"412446808","9671096"
"263854178","9688831"
"322793047","9782089"
"625492158","9120384"
"302490440","9796705"
"248736073","9785134"
"351689868","9632105"
"431989085","9847621"
"615828507","9708045"
"383009247","9740158"
"372316882","9755842"
"483546096","9391402"
"595923198","9704491"
"291074941","9877559"
"655899290","9842499"
"399821450","9743849"
"441929662","9802580"
"410749388","9746619"
"779514380","9726621"
"640852940","9694543"
"463454881","9891012"
"742714130","9856244"
"547820926","9720043"
"650362109","9834715"
"610195926","9789233"
"684892609","9865752"
"479766025","9749594"
"227332007","9314868"
"538943830","9793258"
"637353644","9685451"
"250629465","9647473"
"617999448","9692246"
"296912763","9824928"
"546124787","9858474"
"519756818","9692375"
"353820349","9726592"
"762533729","9722039"
"366117699","9737395"
"409603013","9724336"
"409069005","9817470"
"749107327","9703332"
"664938843","9481099"
"567931515","9314844"
"205861693","9706750"
"385664181","9456331"
"624862735","9749506"
"367806424","9731808"
"713791227","9755957"
"560472893","9839935"
"730923180","9760548"
"532089516","9696462"
"646290584","9704855"
"770609739","9700677"
"360887593","9693056"
"257097616","9692832"
"483463533","9893266"
"565417057","9747247"
"255223286","9732266"
"479322847","9702443"
"238436101","9800805"
"268089307","9784283"
"448954407","9719721"
"374127225","9718868"
"285118061","9795622"
"446133243","9729025"
"701472662","9780536"
"777233214","9811048"
"387009833","9777400"
"331086111","9806146"
"215278926","9313917"
"500946712","9745251"
"607375871","9724958"
"746389094","9708813"
"622120368","9705342"
"528285241","9846160"
"370952286","9775751"
"465246723","9298698"
"598404026","9852913"
"432700584","9825568"
"743371127","9783708"
"713140246","9826122"
"693248761","9699191"
"317250731","9867164"
"332991910","9231470"
"545416396","9708784"
"440123405","9456783"
"473087734","9456771"
"246109615","9645786"
"391348790","9725550"
"398869275","9839014"
"479246743","9654787"
"586066042","9786047"
"213925681","9696450"
"787376311","9821299"
"202537541","9814040"
"640982673","9749855"
"549102989","9839052"
"336838628","9686754"
"547532185","9786827"
"381000357","9835874"
"586669609","9873113"
"739842585","9835044"
"702489805","9702211"
"475101634","9778820"
"797801656","9738909"
"576454384","9699701"
"734316784","9741712"
"436850369","9739549"
"350561999","9722405"
"639072825","9766580"
"516874867","9743198"
"451543545","9692856"
"612194228","9674517"
"414103988","9711834"
"449859733","9705756"
"697136383","9777541"
"223298918","9702455"
"422546816","9839466"
"420969442","9657868"
"757627161","9835977"
"751796113","9877573"
"787999148","9688829"
"734054064","9799757"
"615457558","9846495"
"471036632","9762601"
"464107260","9689603"
"584427167","9737113"
"501587354","9725639"
"283853065","9718820"
"574971701","9860192"
"680223817","9739824"
"225703387","9832640"
"238050837","9818515"
"787865605","9873280"
"577347290","9356115"
"206977834","9868156"
"491200769","9800178"
"720809933","9827310"
"276075314","9289972"
"695191016","9762481"
"797894142","9702106"
"473724866","9848118"
"609407362","9742950"
"392855386","9848467"
"713567949","9747508"
"427631641","9715206"
"765912931","9725861"
"338018124","9757802"
"793644015","9816323"
"674992760","9685425"
"742361179","9817509"
"537481126","9806067"
"511894124","9816581"
"678971618","9680073"
"523051009","9746712"
"266690811","9818967"
"702117024","9583029"
"573743710","9774862"
"572353195","9758064"
"505143203","9732321"
"264229933","9780005"
"499169353","9854806"
"524123996","9747352"
"253310740","9760110"
"371594750","9716004"
"752627924","9726231"
"307432558","9718844"
"504524542","9680102"
"351019840","9434498"
"592109528","9713234"
"585138143","9322700"
"413469978","9778296"
"421803245","9792606"
"254444712","9839088"
"420760279","9430399"
"602864558","9750921"
"558187278","9662019"
"730393984","9205902"
"329883477","9837341"
"649594282","9710232"
"207895678","9700421"
"458868602","9818400"
"295378490","9810991"
"300543759","9809837"
"292549105","9690523"
"362777900","9293131"
"415100286","9711432"
"517352904","9711717"
"602601085","9415741"
"421439116","9792515"
"469902162","9795127"
"614631166","9739032"
"324081897","9636967"
"328522218","9760770"
"518085979","9729908"
"489260045","9725603"
"783491849","9790634"
"720076294","9473406"
"461009518","9714238"
"643963229","9753557"
"496817459","9839301"
"758153806","9872195"
"224454121","9714733"
"266403190","9719549"
"530051191","9710141"
"315343563","9734408"
"684733551","9773923"
"566574800","9737400"
"218708345","9708174"
"467264650","9725744"
"323229637","9525340"
"642503485","9430624"
"410922465","9747429"
"730402083","9832456"
"655375466","9783019"
"641868698","9790361"
"407218588","9847401"
"583401916","9728916"
"502774256","9753002"
"490795668","9768552"
"286172032","9070620"
"418667483","9700689"
"279240219","9595371"
"237434642","9778832"
"600647598","9836062"
"622990540","9708758"
"675129441","9818539"
"744893044","9649328"
"470538695","9691814"
"798839178","9764506"
"795575410","9816335"
"614087977","9721578"
"471001501","9801201"
"238952075","9865776"
"244491726","9788617"
"278367374","9752022"
"457267272","9481960"
"727589280","9193264"
"649377511","9705287"
"756662558","9797204"
"542176707","9719745"
"739186101","9679799"
"332474609","9183855"
"281032473","9734850"
"421966445","9602722"
"761964295","9751406"
"434730461","9836892"
"520735946","9725615"
"733805873","9359026"
"549766067","9868778"
"482408075","9663099"
"507465990","9692155"
"583695947","9521849"
"770214514","9807229"
"675272340","9869459"
"422832923","9690834"
"527298346","9717125"
"710089575","9629562"
"754022719","9190743"
"743715557","9795139"
"689522907","9838008"
"635161945","9722663"
"363913368","9743916"
"298783270","9438389"
"414709885","9722974"
"435517247","9453860"
"615592239","9720976"
"785720526","9839272"
"310102518","9697624"
"653277210","9697222"
"718064540","9611943"
"735191297","9192478"
"432734147","9697301"
"270165988","9799616"
"745140989","9450624"
"207971874","9229843"
"249056143","9779977"
"580261709","9709233"
"572170983","9654579"
"514912670","9883053"
"390015134","9788710"
"233404738","9853084"
"286128799","9710555"
"484955094","9689691"
"409342370","9869588"
"278795330","9718856"
"232288789","9711315"
"538786936","9305295"
"405052325","9741401"
"225530762","9827451"
"369568810","9669627"
"764977178","9839909"
"256616028","9850006"
"441456562","9501370"
"659786799","9873656"
"600665449","9774032"
"593134094","9698953"
"233115922","9811127"
"421539905","9742900"
"475907428","9705172"
"564531362","9632210"
"558993923","9786011"
"343682447","9706061"
"593270925","9739501"
"506302322","9711846"
"287423445","9811555"
"330050809","9845996"
"666723592","9771262"
"330265501","9229855"
"323104426","9719408"
"526013866","9708801"
"576149497","9780469"
"285208273","9859014"
"440962535","9754094"
"519024051","9458092"
"700235949","9446427"
"598043991","9783992"
"609052585","9763332"
"560568749","9694945"
"706152237","9472713"
"212440842","9783318"
"216508917","9830965"
"564188568","9748370"
"349707354","9851701"
"304446843","9748277"
"434545041","9761322"
"355483314","9746188"
"338268856","9719305"
"233567212","9732694"
"262557819","9766229"
"213068868","9834313"
"521889530","9791913"
"590740576","9774343"
"679383317","9702065"
"269963080","9673513"
"548362075","9780861"
"762758134","9697143"
"616701851","9848950"
"527724913","9839844"
"574196471","9811945"
"501740849","9722651"
"601672529","9695028"
"626708152","9910088"
"784643942","9744752"
"396966339","9315202"
"792959284","9708540"
"328042067","9717204"
"576389757","9703643"
"308986143","9877561"
"743632681","9771080"
"372595106","9700029"
"592379317","9666039"
"675528317","9422081"
"280820161","9402469"
"357872934","9849473"
"251078787","9696711"
"743855316","9722675"
"525068051","9696577"
"518642441","9746176"
"222931216","9704752"
"488478851","9702156"
"664003812","9737565"
"788247419","9732802"
"297691815","9232589"
"767381279","9698800"
"371402474","9702091"
"747484641","9752010"
"735111878","9741530"
"775746458","9681883"
"645581376","9752151"
"345866798","9774587"
"617780469","9741504"
"694795312","9834375"
"393469936","9808223"
"222056376","9714719"
"377928209","9692387"
"246442434","9619919"
"389604508","9875331"
"771099977","9804899"
"676686645","9791937"
"550243470","9819856"
"580892556","9783411"
"435557341","9866627"
"228663310","9721413"
"329392142","9706592"
"649327618","9192442"
"433043566","9842097"
"465011073","9746164"
"202258425","9798416"
"426225085","9732163"
"652680845","9692325"
"629359880","9797230"
"496783529","9783734"
"265704208","9763045"
"429082028","9729207"
"538166612","9713375"
"479835559","9527051"
"268608343","9801249"
"428278668","9691931"
"350881333","9814038"
"758430854","9708538"
"393021098","9552666"
"462527647","9711511"
"560801021","9333010"
"377601683","9749582"
"683103092","9763033"
"347593833","9831177"
"243034026","9800051"
"595037187","9730270"
"497516138","9396359"
"337240332","9748904"
"671502482","9622227"
"613840010","9699505"
"398341849","9736365"
"459453580","9679919"
"799049899","9829916"
"320987672","9791183"
"767535073","9623544"
"472238675","9790608"
"524801117","9744776"
"453248805","9737125"
"755937277","9851713"
"486408052","9792046"
"367361369","9783497"
"390579202","9714226"
"774420703","9753387"
"580820804","9765029"
"215555604","9809679"
"370903939","9688427"
"760526096","9796975"
"366247050","9726243"
"275591615","9151400"
"201966005","9821691"
"553750163","9800336"
"547838473","9716016"
"421113402","9583237"
"220717250","9741425"
"798290424","9775141"
"628361428","9814428"
"708524406","9719551"
"406599133","9731743"
"507385486","9498456"
"332099675","9768605"
"242757839","9749738"
"556434197","9706774"
"639185184","9725471"
"785594767","9594286"
"536827247","9788980"
"651654188","9632026"
"412862419","9783409"
"466987959","9838838"
"530256625","9796585"
"719774611","9717228"
"421518965","9751303"
"520115877","9853266"
"745505295","9712840"
"631787920","9754446"
"414207238","9283227"
"588558797","9855941"
"278913757","9798014"
"696109420","9687502"
"751981784","9293143"
"212938691","9775763"
"593762667","9736107"
"606414506","9790983"
"262864603","9777383"
"593453962","9714783"
"512666919","9765017"
"495723256","9835173"
"478468572","9814399"
"573549455","9726164"
"258421467","9751298"
"412028489","9800374"
"593132551","9829409"
"337025797","9744128"
"715058037","9754991"
"534750235","9622215"
"568845272","9704738"
"791817732","9848120"
"392728170","9858424"
"518971838","9697973"
"543850744","9662332"
"312652256","9829801"
"799190105","9703605"
"228944592","9434515"
"416276366","9711327"
"235995848","9313943"
"253667746","9637076"
"476950743","9826732"
"535661351","9685449"
"647482563","9670781"
"492343507","9705744"
"367052334","9786217"
"790619855","9754082"
"415892147","9709776"
"372643562","9622239"
"384995964","9728095"
"443892200","9597484"
"344251402","9502348"
"235669670","9783423"
"568466563","9613850"
"284779444","9836921"
"536316751","9728241"
"517519341","9356098"
"362775706","8407735"
"582229726","9702405"
"664862469","9877626"
"366434649","9693501"
"743211212","9299032"
"527999297","9742728"
"533240054","9659672"
"797947588","9693290"
"319608133","9693020"
"674277365","9874210"
"503845725","9804239"
"442447371","9793284"
"687840219","9800104"
"762162873","9719252"
"664917133","9900502"
"526402107","9704609"
"436638228","9683740"
"702434875","9729477"
"796665845","9707388"
"289917291","9839284"
"766908866","9730206"
"220084343","9696474"
"210480719","9480277"
"704804937","9850680"
"544267667","9585871"
"584083675","9700330"
"687670844","9458030"
"559200667","9747522"
"729047644","9727986"
"587658802","9694438"
"570324960","9723071"
"474733540","9902196"
"717246417","9305312"
"274680213","9193288"
"390136006","9774264"
"228148154","9484572"
"380865332","9646728"
"355302156","9283186"
"659153159","9772931"
"594654451","9681857"
"688024479","9809394"
"743980569","9829007"
"444227987","9747510"
"508756840","9698874"
"345707675","9605633"
"738149739","9835886"
"757012243","9415246"
"324237858","9709192"
"660815553","9332999"
"279659253","9786152"
"472461926","9852822"
"345179419","9762493"
"491488437","9753698"
"754383631","9856725"
"728282948","9759771"
"207521812","9704441"
"285565573","9698941"
"260917327","9682980"
"634206603","9765378"
"287951648","9868352"
"677182865","9696254"
"734667805","9870707"
"510626562","9632179"
"419837387","9767376"
"562592177","9333034"
"778995459","9738234"
"733722507","9838503"
"768174643","9782687"
"443861186","9754927"
"651119861","9723643"
"669993075","9866548"
"369130108","9676709"
"434352336","9749386"
"380627369","9717668"
"498105133","9655212"
"411341750","9676723"
"700703238","9782974"
"281993571","9809112"
"792902628","9734111"
"433071967","9521863"
"219321106","9713193"
"389042526","9735622"
"368839565","9460617"
"591281626","9708588"
"507708145","9655509"
"720326876","9722766"
"473000340","9484560"
"589049281","9714800"
"316663257","9613874"
"495592019","9771482"
"479152419","9800049"
"295772337","9430387"
"529907310","9798428"
"262974555","9732814"
"598748200","9727508"
"581487069","9773765"
"453114764","9805673"
"490097773","9853864"
"566062196","9782699"
"522732576","9747974"
"707477267","9289922"
"401171093","9790610"
"352490988","9872511"
"397470704","9726229"
"289758644","9782041"
"431613933","9756092"
"615240236","9723710"
"319691230","9846316"
"380799024","9712553"
"589290602","9785615"
"226334205","9722338"
"778100289","9777216"
"301363577","9849265"
"420004020","9803649"
"456686057","9819832"
"546713925","9811517"
"658576883","9709465"
"250451796","9722728"
"753556070","9847243"
"217443672","9754161"
"309549397","9728954"
"375541551","9715440"
"387693989","9527063"
"461207679","9780483"
"681174528","9725495"
"551762769","9822994"
"748335396","9758428"
"227770147","9743150"
"697239186","9727974"
"259481660","9681390"
"373234132","9726695"
"396649632","9843560"
"290944454","9776432"
"469490837","9818216"
"527677043","9707417"
"491382802","9721566"
"477102360","9386304"
"371299100","9836919"
"358096300","9809356"
"399523438","9742912"
"446476147","9674385"
"290720232","9851787"
"463376599","9686273"
"775229629","9727560"
"601571342","9708966"
"532309068","9803417"
"365247974","9717503"
"325887358","9735828"
"573805666","9632040"
"694991106","9700342"
"578497547","9693408"
"514223382","9687227"
"207312796","9839260"
"702865946","9784001"
"636609382","9756729"
"759310914","9808156"
"244845324","9749245"
"777909586","9739020"
"442386782","9855484"
"709687741","9843209"
"677691402","9708825"
"789371947","9865245"
"205896448","9748289"
"762136386","9708552"
"729050385","9779226"
"372368831","9789685"
"260906788","9789532"
"710195578","9788899"
"765953185","9588146"
"585406704","9690559"
"755798169","9626144"
"206575235","9888209"
"276585404","9853113"
"348293623","9802413"
"331656845","9205718"
"219666401","9883065"
"524855117","9849502"
"238449932","9750232"
"749225679","9721724"
"275431857","9709037"
"560933745","9815939"
"433976395","9665633"
"788568342","9164251"
"218085257","9726671"
"760674659","9679892"
"687731859","9394870"
"496339948","9743980"
"679764893","9315240"
"671001449","9830290"
"370415771","9855410"
"466259731","9834325"
"730135302","9702273"
"763523353","9525390"
"543443049","9471678"
"362185537","9836880"
"278777043","9790995"
"535964893","9674543"
"484759457","9704518"
"507476326","9785392"
"696501416","9718363"
"226606955","9709269"
"469642465","9686900"
"763698804","9774563"
"636823894","9721580"
"794179220","9528196"
"266584886","9410806"
"666486989","9832585"
"440266348","9856282"
"599962447","9816763"
"779284730","9760768"
"737049725","9751339"
"390150706","9794410"
"706050615","9774707"
"658669719","9780445"
"324742105","9769697"
"524100976","9795971"
"714205515","9792486"
"666480475","9700043"
"332371277","9688362"
"346712823","9789623"
"670403728","9844203"
"746442283","9722754"
"490483717","9498470"
"407031907","9175781"
"621736640","9808651"
"403210627","9729831"
"752731946","9803651"
"378959619","9743837"
"421464078","9681871"
"785166122","9729348"
"705456750","9720964"
"224463036","9726619"
"751721397","9748681"
"215954132","9737498"
"663924482","9724075"
"347806106","9851103"
"335120333","9800013"
"304010838","9831828"
"358939717","9687514"
"298060823","9779537"
"664783831","9692777"
"318915208","9471654"
"294798092","9683025"
"757495123","9682394"
"486561411","9845764"
"673818531","9784257"
"624937376","9698599"
"665379474","9741815"
"523500972","9794159"
"248292403","9782168"
"616058215","9700316"
"577826120","9845661"
"566351387","9743473"
"760620738","9773478"
"716850500","9749491"
"205858252","9800790"
"530708056","9746255"
"363565568","9750983"
"368618877","9745225"
"268835686","9407251"
"567814606","9509449"
"542064932","9842724"
"403718870","9722170"
"642708099","9682368"
"644753012","9866031"
"634594136","9776731"
"783443729","9700005"
"721620571","9798337"
"566859186","9722613"
"585282679","9712852"
"259222808","9779953"
"768366458","9841940"
"410388179","9849461"
"357662750","9751377"
"275605079","9773052"
"267611532","9804227"
"514102391","9852652"
"366003532","9753272"
"611296072","9694658"
"428354191","9842073"
"404586849","9796951"
"779221553","9784788"
"267731586","9740770"
"695293435","9685463"
"717064844","9736377"
"452059177","9863297"
"541975514","9744908"
"237345760","9456769"
"335041777","9700134"
"530937287","9808326"
"406104924","9743215"
"562722228","9705146"
"367071186","9694646"
"504399504","9828211"
"299024326","9755749"
"497539900","9714771"
"207189043","9613006"
"532483179","9817107"
"265500592","9702510"
"203527882","9757187"
"620201773","9814052"
"201367847","9749790"
"587254269","9239733"
"784782790","9686883"
"504829268","9780457"
"232767370","9853008"
"497389519","9852028"
"219940221","9744893"
"202496976","9873101"
"625970121","9860556"
"774317011","9461477"
"369133189","9784049"
"614282535","9781968"
"752805927","9704764"
"690640821","9856232"
"628084750","9686912"
"204022484","9422378"
"203448602","9696448"
"302112328","9800001"
"344462449","9828895"
"532789073","9727118"
"547900399","9190767"
"689493763","9853618"
"375675175","9746205"
"455630375","9649976"
"753785820","9742405"
"485534823","9760562"
"570242002","9168221"
"256125899","9796169"
"346462771","9721645"
"308463616","9757797"
"415037572","9741413"
"515612630","9692844"
"692967915","9808675"
"563190592","9694488"
"298844448","9852418"
"769711192","9786164"
"575119886","9856074"
"670310233","9806081"
"602273794","9731755"
"767729410","9659103"
"359857472","9797216"
"694751010","9708693"
"656534637","9394882"
"736071749","9582427"
"357139617","9734769"
"506006296","9776133"
"525221788","9717278"
"286278260","9692478"
"477204728","9845817"
"281466144","9836426"
"527706237","9805910"
"432938504","9741528"
"503232563","9791298"
"591094460","9720483"
"794606766","9687710"
"412141032","9704506"
"707835212","9798349"
"297174858","9588469"
"586176246","9765550"
"386207091","9740469"
"525132163","9797395"
"310052338","9827243"
"392683219","9708863"
"644975759","9819882"
"491046063","9706310"
"707815349","9648075"
"786131913","9619969"
"396435390","9792876"
"441886460","9817145"
"319188779","9820984"
"423941516","9681132"
"605372674","9705914"
"787556892","9712876"
"685391892","9706841"
"469221455","9692820"
"406873089","9783526"
"695046824","9696773"
"341229432","9738545"
"530358031","9667045"
"392154270","9718076"
"300495703","9728801"
"645927197","9818931"
"246531317","9619543"
"560957604","9451226"
"510856700","9663312"
"247889190","9852212"
"551285099","9855460"
"322395130","9712917"
"406682519","9788954"
"372200691","9779771"
"382744797","9604017"
"545859836","9868326"
"489874659","9827566"
"795432848","9789154"
"245413232","9441984"
"337217359","9785378"
"730147080","9776250"
"478940027","9820960"
"617692235","9709025"
"594362424","9785691"
"253622064","9691149"
"392035911","9788576"
"221412500","9777589"
"788060728","9456757"
"252723715","9868443"
"764232937","9826902"
"734926380","9728069"
"356044840","9732254"
"562584092","9735610"
"221337298","9854789"
"398884360","9769300"
"497603342","9789269"
"547546178","9732333"
"500602336","9832638"
"447723391","9348065"
"677134983","9759252"
"578331697","9806304"
"546041088","9707003"
"550117691","9849564"
"655632966","9734680"
"581357258","9714264"
"245702382","9617698"
"477228234","9305300"
"514827225","9745512"
"672440350","9745500"
"420259821","9323481"
"402279785","9683063"
"779450163","9805271"
"634129410","9687497"
"577598648","9450636"
"411200458","9797747"
"205301113","9619983"
"504210243","9836050"
